 HH_sCmavjtovcNk5NX8vEg-640-00400,['573YUQmuV6nbZK9DvrqT_w-640-00136',  '573YUQmuV6nbZK9DvrqT_w-640-00137',  '573YUQmuV6nbZK9DvrqT_w-640-00138',  '573YUQmuV6nbZK9DvrqT_w-640-00139',  '573YUQmuV6nbZK9DvrqT_w-640-00140'] ,,400,138
 HH_sCmavjtovcNk5NX8vEg-640-00401,['573YUQmuV6nbZK9DvrqT_w-640-00136',  '573YUQmuV6nbZK9DvrqT_w-640-00137',  '573YUQmuV6nbZK9DvrqT_w-640-00138',  '573YUQmuV6nbZK9DvrqT_w-640-00139',  '573YUQmuV6nbZK9DvrqT_w-640-00140'] ,,401,138
 HH_sCmavjtovcNk5NX8vEg-640-00402,['573YUQmuV6nbZK9DvrqT_w-640-00136',  '573YUQmuV6nbZK9DvrqT_w-640-00137',  '573YUQmuV6nbZK9DvrqT_w-640-00138',  '573YUQmuV6nbZK9DvrqT_w-640-00139',  '573YUQmuV6nbZK9DvrqT_w-640-00140'] ,,402,138
 HH_sCmavjtovcNk5NX8vEg-640-00403,['573YUQmuV6nbZK9DvrqT_w-640-00136',  '573YUQmuV6nbZK9DvrqT_w-640-00137',  '573YUQmuV6nbZK9DvrqT_w-640-00138',  '573YUQmuV6nbZK9DvrqT_w-640-00139',  '573YUQmuV6nbZK9DvrqT_w-640-00140'] ,,403,138
 HH_sCmavjtovcNk5NX8vEg-640-00404,['573YUQmuV6nbZK9DvrqT_w-640-00137',  '573YUQmuV6nbZK9DvrqT_w-640-00136',  '573YUQmuV6nbZK9DvrqT_w-640-00138',  '573YUQmuV6nbZK9DvrqT_w-640-00139',  '573YUQmuV6nbZK9DvrqT_w-640-00140'] ,,404,138
 HH_sCmavjtovcNk5NX8vEg-640-00405,['573YUQmuV6nbZK9DvrqT_w-640-00138',  '573YUQmuV6nbZK9DvrqT_w-640-00137',  '573YUQmuV6nbZK9DvrqT_w-640-00136',  '573YUQmuV6nbZK9DvrqT_w-640-00139',  '573YUQmuV6nbZK9DvrqT_w-640-00140'] ,,405,138
 HH_sCmavjtovcNk5NX8vEg-640-00406,['573YUQmuV6nbZK9DvrqT_w-640-00138',  '573YUQmuV6nbZK9DvrqT_w-640-00137',  '573YUQmuV6nbZK9DvrqT_w-640-00136',  '573YUQmuV6nbZK9DvrqT_w-640-00139',  '573YUQmuV6nbZK9DvrqT_w-640-00140'] ,,406,138
 HH_sCmavjtovcNk5NX8vEg-640-00407,['573YUQmuV6nbZK9DvrqT_w-640-00138',  '573YUQmuV6nbZK9DvrqT_w-640-00137',  '573YUQmuV6nbZK9DvrqT_w-640-00136',  '573YUQmuV6nbZK9DvrqT_w-640-00139',  '573YUQmuV6nbZK9DvrqT_w-640-00140'] ,,407,138
 HH_sCmavjtovcNk5NX8vEg-640-00408,['573YUQmuV6nbZK9DvrqT_w-640-00138',  '573YUQmuV6nbZK9DvrqT_w-640-00137',  '573YUQmuV6nbZK9DvrqT_w-640-00136',  '573YUQmuV6nbZK9DvrqT_w-640-00139',  '573YUQmuV6nbZK9DvrqT_w-640-00140'] ,,408,138
 HH_sCmavjtovcNk5NX8vEg-640-00409,['573YUQmuV6nbZK9DvrqT_w-640-00138',  '573YUQmuV6nbZK9DvrqT_w-640-00137',  '573YUQmuV6nbZK9DvrqT_w-640-00139',  '573YUQmuV6nbZK9DvrqT_w-640-00136',  '573YUQmuV6nbZK9DvrqT_w-640-00140'] ,,409,138
 HH_sCmavjtovcNk5NX8vEg-640-00410,['573YUQmuV6nbZK9DvrqT_w-640-00138',  '573YUQmuV6nbZK9DvrqT_w-640-00139',  '573YUQmuV6nbZK9DvrqT_w-640-00137',  '573YUQmuV6nbZK9DvrqT_w-640-00140',  '573YUQmuV6nbZK9DvrqT_w-640-00136'] ,,410,138
 HH_sCmavjtovcNk5NX8vEg-640-00411,['573YUQmuV6nbZK9DvrqT_w-640-00139',  '573YUQmuV6nbZK9DvrqT_w-640-00140',  '573YUQmuV6nbZK9DvrqT_w-640-00138',  '573YUQmuV6nbZK9DvrqT_w-640-00137',  '573YUQmuV6nbZK9DvrqT_w-640-00141'] ,,411,139
 HH_sCmavjtovcNk5NX8vEg-640-00412,['573YUQmuV6nbZK9DvrqT_w-640-00139',  '573YUQmuV6nbZK9DvrqT_w-640-00140',  '573YUQmuV6nbZK9DvrqT_w-640-00141',  '573YUQmuV6nbZK9DvrqT_w-640-00138',  '573YUQmuV6nbZK9DvrqT_w-640-00137'] ,,412,139
 HH_sCmavjtovcNk5NX8vEg-640-00413,['573YUQmuV6nbZK9DvrqT_w-640-00139',  '573YUQmuV6nbZK9DvrqT_w-640-00140',  '573YUQmuV6nbZK9DvrqT_w-640-00141',  '573YUQmuV6nbZK9DvrqT_w-640-00142',  '573YUQmuV6nbZK9DvrqT_w-640-00138'] ,,413,140
 HH_sCmavjtovcNk5NX8vEg-640-00414,['573YUQmuV6nbZK9DvrqT_w-640-00139',  '573YUQmuV6nbZK9DvrqT_w-640-00140',  '573YUQmuV6nbZK9DvrqT_w-640-00141',  '573YUQmuV6nbZK9DvrqT_w-640-00142',  '573YUQmuV6nbZK9DvrqT_w-640-00143'] ,,414,141
 HH_sCmavjtovcNk5NX8vEg-640-00415,['573YUQmuV6nbZK9DvrqT_w-640-00140',  '573YUQmuV6nbZK9DvrqT_w-640-00139',  '573YUQmuV6nbZK9DvrqT_w-640-00141',  '573YUQmuV6nbZK9DvrqT_w-640-00142',  '573YUQmuV6nbZK9DvrqT_w-640-00143'] ,,415,141
 HH_sCmavjtovcNk5NX8vEg-640-00416,['573YUQmuV6nbZK9DvrqT_w-640-00140',  '573YUQmuV6nbZK9DvrqT_w-640-00141',  '573YUQmuV6nbZK9DvrqT_w-640-00139',  '573YUQmuV6nbZK9DvrqT_w-640-00142',  '573YUQmuV6nbZK9DvrqT_w-640-00143'] ,,416,141
 HH_sCmavjtovcNk5NX8vEg-640-00417,['573YUQmuV6nbZK9DvrqT_w-640-00141',  '573YUQmuV6nbZK9DvrqT_w-640-00140',  '573YUQmuV6nbZK9DvrqT_w-640-00142',  '573YUQmuV6nbZK9DvrqT_w-640-00139',  '573YUQmuV6nbZK9DvrqT_w-640-00143'] ,,417,141
 HH_sCmavjtovcNk5NX8vEg-640-00418,['573YUQmuV6nbZK9DvrqT_w-640-00141',  '573YUQmuV6nbZK9DvrqT_w-640-00142',  '573YUQmuV6nbZK9DvrqT_w-640-00140',  '573YUQmuV6nbZK9DvrqT_w-640-00143',  '573YUQmuV6nbZK9DvrqT_w-640-00139'] ,,418,141
 HH_sCmavjtovcNk5NX8vEg-640-00419,['573YUQmuV6nbZK9DvrqT_w-640-00142',  '573YUQmuV6nbZK9DvrqT_w-640-00141',  '573YUQmuV6nbZK9DvrqT_w-640-00143',  '573YUQmuV6nbZK9DvrqT_w-640-00140',  '573YUQmuV6nbZK9DvrqT_w-640-00144'] ,,419,142
 HH_sCmavjtovcNk5NX8vEg-640-00420,['573YUQmuV6nbZK9DvrqT_w-640-00143',  '573YUQmuV6nbZK9DvrqT_w-640-00142',  '573YUQmuV6nbZK9DvrqT_w-640-00144',  '573YUQmuV6nbZK9DvrqT_w-640-00141',  '573YUQmuV6nbZK9DvrqT_w-640-00145'] ,,420,143
 HH_sCmavjtovcNk5NX8vEg-640-00421,['573YUQmuV6nbZK9DvrqT_w-640-00143',  '573YUQmuV6nbZK9DvrqT_w-640-00144',  '573YUQmuV6nbZK9DvrqT_w-640-00142',  '573YUQmuV6nbZK9DvrqT_w-640-00145',  '573YUQmuV6nbZK9DvrqT_w-640-00141'] ,,421,143
 HH_sCmavjtovcNk5NX8vEg-640-00422,['573YUQmuV6nbZK9DvrqT_w-640-00144',  '573YUQmuV6nbZK9DvrqT_w-640-00143',  '573YUQmuV6nbZK9DvrqT_w-640-00145',  '573YUQmuV6nbZK9DvrqT_w-640-00142',  '573YUQmuV6nbZK9DvrqT_w-640-00146'] ,,422,144
 HH_sCmavjtovcNk5NX8vEg-640-00423,['573YUQmuV6nbZK9DvrqT_w-640-00144',  '573YUQmuV6nbZK9DvrqT_w-640-00145',  '573YUQmuV6nbZK9DvrqT_w-640-00143',  '573YUQmuV6nbZK9DvrqT_w-640-00146',  '573YUQmuV6nbZK9DvrqT_w-640-00147'] ,,423,145
 HH_sCmavjtovcNk5NX8vEg-640-00424,['573YUQmuV6nbZK9DvrqT_w-640-00145',  '573YUQmuV6nbZK9DvrqT_w-640-00146',  '573YUQmuV6nbZK9DvrqT_w-640-00144',  '573YUQmuV6nbZK9DvrqT_w-640-00147',  '573YUQmuV6nbZK9DvrqT_w-640-00143'] ,,424,145
 HH_sCmavjtovcNk5NX8vEg-640-00425,['573YUQmuV6nbZK9DvrqT_w-640-00146',  '573YUQmuV6nbZK9DvrqT_w-640-00145',  '573YUQmuV6nbZK9DvrqT_w-640-00147',  '573YUQmuV6nbZK9DvrqT_w-640-00144',  '573YUQmuV6nbZK9DvrqT_w-640-00148'] ,,425,146
 HH_sCmavjtovcNk5NX8vEg-640-00426,['573YUQmuV6nbZK9DvrqT_w-640-00146',  '573YUQmuV6nbZK9DvrqT_w-640-00147',  '573YUQmuV6nbZK9DvrqT_w-640-00148',  '573YUQmuV6nbZK9DvrqT_w-640-00145',  '573YUQmuV6nbZK9DvrqT_w-640-00149'] ,,426,147
 HH_sCmavjtovcNk5NX8vEg-640-00427,['573YUQmuV6nbZK9DvrqT_w-640-00147',  '573YUQmuV6nbZK9DvrqT_w-640-00148',  '573YUQmuV6nbZK9DvrqT_w-640-00146',  '573YUQmuV6nbZK9DvrqT_w-640-00149',  '573YUQmuV6nbZK9DvrqT_w-640-00145'] ,,427,147
 HH_sCmavjtovcNk5NX8vEg-640-00428,['573YUQmuV6nbZK9DvrqT_w-640-00148',  '573YUQmuV6nbZK9DvrqT_w-640-00147',  '573YUQmuV6nbZK9DvrqT_w-640-00149',  '573YUQmuV6nbZK9DvrqT_w-640-00146',  '573YUQmuV6nbZK9DvrqT_w-640-00150'] ,,428,148
 HH_sCmavjtovcNk5NX8vEg-640-00429,['573YUQmuV6nbZK9DvrqT_w-640-00149',  '573YUQmuV6nbZK9DvrqT_w-640-00148',  '573YUQmuV6nbZK9DvrqT_w-640-00147',  '573YUQmuV6nbZK9DvrqT_w-640-00150',  '573YUQmuV6nbZK9DvrqT_w-640-00146'] ,,429,148
 HH_sCmavjtovcNk5NX8vEg-640-00430,['573YUQmuV6nbZK9DvrqT_w-640-00149',  '573YUQmuV6nbZK9DvrqT_w-640-00150',  '573YUQmuV6nbZK9DvrqT_w-640-00148',  '573YUQmuV6nbZK9DvrqT_w-640-00147',  '573YUQmuV6nbZK9DvrqT_w-640-00146'] ,,430,148
 HH_sCmavjtovcNk5NX8vEg-640-00431,['573YUQmuV6nbZK9DvrqT_w-640-00150',  '573YUQmuV6nbZK9DvrqT_w-640-00149',  '573YUQmuV6nbZK9DvrqT_w-640-00148',  '573YUQmuV6nbZK9DvrqT_w-640-00147',  '573YUQmuV6nbZK9DvrqT_w-640-00146'] ,,431,148
 HH_sCmavjtovcNk5NX8vEg-640-00432,['573YUQmuV6nbZK9DvrqT_w-640-00150',  '573YUQmuV6nbZK9DvrqT_w-640-00149',  '573YUQmuV6nbZK9DvrqT_w-640-00148',  '573YUQmuV6nbZK9DvrqT_w-640-00147',  '573YUQmuV6nbZK9DvrqT_w-640-00146'] ,,432,148
 HH_sCmavjtovcNk5NX8vEg-640-00433,['573YUQmuV6nbZK9DvrqT_w-640-00150',  '573YUQmuV6nbZK9DvrqT_w-640-00149',  '573YUQmuV6nbZK9DvrqT_w-640-00148',  '573YUQmuV6nbZK9DvrqT_w-640-00147',  '573YUQmuV6nbZK9DvrqT_w-640-00146'] ,,433,148
 HH_sCmavjtovcNk5NX8vEg-640-00434,['573YUQmuV6nbZK9DvrqT_w-640-00150',  '573YUQmuV6nbZK9DvrqT_w-640-00149',  '573YUQmuV6nbZK9DvrqT_w-640-00148',  '573YUQmuV6nbZK9DvrqT_w-640-00151',  '573YUQmuV6nbZK9DvrqT_w-640-00147'] ,,434,149
 HH_sCmavjtovcNk5NX8vEg-640-00435,['573YUQmuV6nbZK9DvrqT_w-640-00150',  '573YUQmuV6nbZK9DvrqT_w-640-00149',  '573YUQmuV6nbZK9DvrqT_w-640-00151',  '573YUQmuV6nbZK9DvrqT_w-640-00148',  '573YUQmuV6nbZK9DvrqT_w-640-00147'] ,,435,149
 HH_sCmavjtovcNk5NX8vEg-640-00436,['573YUQmuV6nbZK9DvrqT_w-640-00150',  '573YUQmuV6nbZK9DvrqT_w-640-00149',  '573YUQmuV6nbZK9DvrqT_w-640-00151',  '573YUQmuV6nbZK9DvrqT_w-640-00148',  '573YUQmuV6nbZK9DvrqT_w-640-00152'] ,,436,150
 HH_sCmavjtovcNk5NX8vEg-640-00437,['573YUQmuV6nbZK9DvrqT_w-640-00151',  '573YUQmuV6nbZK9DvrqT_w-640-00150',  '573YUQmuV6nbZK9DvrqT_w-640-00152',  '573YUQmuV6nbZK9DvrqT_w-640-00149',  '573YUQmuV6nbZK9DvrqT_w-640-00148'] ,,437,150
 HH_sCmavjtovcNk5NX8vEg-640-00438,['573YUQmuV6nbZK9DvrqT_w-640-00151',  '573YUQmuV6nbZK9DvrqT_w-640-00150',  '573YUQmuV6nbZK9DvrqT_w-640-00152',  '573YUQmuV6nbZK9DvrqT_w-640-00149',  '573YUQmuV6nbZK9DvrqT_w-640-00153'] ,,438,151
 HH_sCmavjtovcNk5NX8vEg-640-00439,['573YUQmuV6nbZK9DvrqT_w-640-00151',  '573YUQmuV6nbZK9DvrqT_w-640-00152',  '573YUQmuV6nbZK9DvrqT_w-640-00150',  '573YUQmuV6nbZK9DvrqT_w-640-00153',  '573YUQmuV6nbZK9DvrqT_w-640-00149'] ,,439,151
 HH_sCmavjtovcNk5NX8vEg-640-00440,['573YUQmuV6nbZK9DvrqT_w-640-00151',  '573YUQmuV6nbZK9DvrqT_w-640-00152',  '573YUQmuV6nbZK9DvrqT_w-640-00153',  '573YUQmuV6nbZK9DvrqT_w-640-00150',  '573YUQmuV6nbZK9DvrqT_w-640-00154'] ,,440,152
 HH_sCmavjtovcNk5NX8vEg-640-00441,['573YUQmuV6nbZK9DvrqT_w-640-00151',  '573YUQmuV6nbZK9DvrqT_w-640-00152',  '573YUQmuV6nbZK9DvrqT_w-640-00153',  '573YUQmuV6nbZK9DvrqT_w-640-00154',  '573YUQmuV6nbZK9DvrqT_w-640-00150'] ,,441,152
 HH_sCmavjtovcNk5NX8vEg-640-00442,['573YUQmuV6nbZK9DvrqT_w-640-00151',  '573YUQmuV6nbZK9DvrqT_w-640-00152',  '573YUQmuV6nbZK9DvrqT_w-640-00153',  '573YUQmuV6nbZK9DvrqT_w-640-00154',  '573YUQmuV6nbZK9DvrqT_w-640-00150'] ,,442,152
 HH_sCmavjtovcNk5NX8vEg-640-00443,['573YUQmuV6nbZK9DvrqT_w-640-00152',  '573YUQmuV6nbZK9DvrqT_w-640-00151',  '573YUQmuV6nbZK9DvrqT_w-640-00153',  '573YUQmuV6nbZK9DvrqT_w-640-00154',  '573YUQmuV6nbZK9DvrqT_w-640-00155'] ,,443,153
 HH_sCmavjtovcNk5NX8vEg-640-00444,['573YUQmuV6nbZK9DvrqT_w-640-00152',  '573YUQmuV6nbZK9DvrqT_w-640-00153',  '573YUQmuV6nbZK9DvrqT_w-640-00151',  '573YUQmuV6nbZK9DvrqT_w-640-00154',  '573YUQmuV6nbZK9DvrqT_w-640-00155'] ,,444,153
 HH_sCmavjtovcNk5NX8vEg-640-00445,['573YUQmuV6nbZK9DvrqT_w-640-00153',  '573YUQmuV6nbZK9DvrqT_w-640-00152',  '573YUQmuV6nbZK9DvrqT_w-640-00154',  '573YUQmuV6nbZK9DvrqT_w-640-00151',  '573YUQmuV6nbZK9DvrqT_w-640-00155'] ,,445,153
 HH_sCmavjtovcNk5NX8vEg-640-00446,['573YUQmuV6nbZK9DvrqT_w-640-00153',  '573YUQmuV6nbZK9DvrqT_w-640-00154',  '573YUQmuV6nbZK9DvrqT_w-640-00152',  '573YUQmuV6nbZK9DvrqT_w-640-00155',  '573YUQmuV6nbZK9DvrqT_w-640-00151'] ,,446,153
 HH_sCmavjtovcNk5NX8vEg-640-00447,['573YUQmuV6nbZK9DvrqT_w-640-00154',  '573YUQmuV6nbZK9DvrqT_w-640-00153',  '573YUQmuV6nbZK9DvrqT_w-640-00155',  '573YUQmuV6nbZK9DvrqT_w-640-00152',  '573YUQmuV6nbZK9DvrqT_w-640-00151'] ,,447,153
 HH_sCmavjtovcNk5NX8vEg-640-00448,['573YUQmuV6nbZK9DvrqT_w-640-00154',  '573YUQmuV6nbZK9DvrqT_w-640-00155',  '573YUQmuV6nbZK9DvrqT_w-640-00153',  '573YUQmuV6nbZK9DvrqT_w-640-00152',  '573YUQmuV6nbZK9DvrqT_w-640-00156'] ,,448,154
 HH_sCmavjtovcNk5NX8vEg-640-00449,['573YUQmuV6nbZK9DvrqT_w-640-00154',  '573YUQmuV6nbZK9DvrqT_w-640-00155',  '573YUQmuV6nbZK9DvrqT_w-640-00153',  '573YUQmuV6nbZK9DvrqT_w-640-00156',  '573YUQmuV6nbZK9DvrqT_w-640-00152'] ,,449,154
 HH_sCmavjtovcNk5NX8vEg-640-00450,['573YUQmuV6nbZK9DvrqT_w-640-00155',  '573YUQmuV6nbZK9DvrqT_w-640-00154',  '573YUQmuV6nbZK9DvrqT_w-640-00156',  '573YUQmuV6nbZK9DvrqT_w-640-00153',  '573YUQmuV6nbZK9DvrqT_w-640-00152'] ,,450,154
 HH_sCmavjtovcNk5NX8vEg-640-00451,['573YUQmuV6nbZK9DvrqT_w-640-00155',  '573YUQmuV6nbZK9DvrqT_w-640-00154',  '573YUQmuV6nbZK9DvrqT_w-640-00156',  '573YUQmuV6nbZK9DvrqT_w-640-00153',  '573YUQmuV6nbZK9DvrqT_w-640-00152'] ,,451,154
 HH_sCmavjtovcNk5NX8vEg-640-00452,['573YUQmuV6nbZK9DvrqT_w-640-00155',  '573YUQmuV6nbZK9DvrqT_w-640-00156',  '573YUQmuV6nbZK9DvrqT_w-640-00154',  '573YUQmuV6nbZK9DvrqT_w-640-00153',  '573YUQmuV6nbZK9DvrqT_w-640-00157'] ,,452,155
 HH_sCmavjtovcNk5NX8vEg-640-00453,['573YUQmuV6nbZK9DvrqT_w-640-00156',  '573YUQmuV6nbZK9DvrqT_w-640-00155',  '573YUQmuV6nbZK9DvrqT_w-640-00154',  '573YUQmuV6nbZK9DvrqT_w-640-00153',  '573YUQmuV6nbZK9DvrqT_w-640-00157'] ,,453,155
 HH_sCmavjtovcNk5NX8vEg-640-00454,['573YUQmuV6nbZK9DvrqT_w-640-00156',  '573YUQmuV6nbZK9DvrqT_w-640-00155',  '573YUQmuV6nbZK9DvrqT_w-640-00154',  '573YUQmuV6nbZK9DvrqT_w-640-00157',  '573YUQmuV6nbZK9DvrqT_w-640-00158'] ,,454,156
 HH_sCmavjtovcNk5NX8vEg-640-00455,['573YUQmuV6nbZK9DvrqT_w-640-00156',  '573YUQmuV6nbZK9DvrqT_w-640-00155',  '573YUQmuV6nbZK9DvrqT_w-640-00157',  '573YUQmuV6nbZK9DvrqT_w-640-00158',  '573YUQmuV6nbZK9DvrqT_w-640-00154'] ,,455,156
 HH_sCmavjtovcNk5NX8vEg-640-00456,['573YUQmuV6nbZK9DvrqT_w-640-00156',  '573YUQmuV6nbZK9DvrqT_w-640-00157',  '573YUQmuV6nbZK9DvrqT_w-640-00158',  '573YUQmuV6nbZK9DvrqT_w-640-00155',  '573YUQmuV6nbZK9DvrqT_w-640-00159'] ,,456,157
 HH_sCmavjtovcNk5NX8vEg-640-00457,['573YUQmuV6nbZK9DvrqT_w-640-00156',  '573YUQmuV6nbZK9DvrqT_w-640-00157',  '573YUQmuV6nbZK9DvrqT_w-640-00158',  '573YUQmuV6nbZK9DvrqT_w-640-00155',  '573YUQmuV6nbZK9DvrqT_w-640-00159'] ,,457,157
 HH_sCmavjtovcNk5NX8vEg-640-00458,['573YUQmuV6nbZK9DvrqT_w-640-00157',  '573YUQmuV6nbZK9DvrqT_w-640-00156',  '573YUQmuV6nbZK9DvrqT_w-640-00158',  '573YUQmuV6nbZK9DvrqT_w-640-00159',  '573YUQmuV6nbZK9DvrqT_w-640-00155'] ,,458,157
 HH_sCmavjtovcNk5NX8vEg-640-00459,['573YUQmuV6nbZK9DvrqT_w-640-00157',  '573YUQmuV6nbZK9DvrqT_w-640-00158',  '573YUQmuV6nbZK9DvrqT_w-640-00156',  '573YUQmuV6nbZK9DvrqT_w-640-00159',  '573YUQmuV6nbZK9DvrqT_w-640-00160'] ,,459,158
 HH_sCmavjtovcNk5NX8vEg-640-00460,['573YUQmuV6nbZK9DvrqT_w-640-00157',  '573YUQmuV6nbZK9DvrqT_w-640-00158',  '573YUQmuV6nbZK9DvrqT_w-640-00159',  '573YUQmuV6nbZK9DvrqT_w-640-00156',  '573YUQmuV6nbZK9DvrqT_w-640-00160'] ,,460,158
 HH_sCmavjtovcNk5NX8vEg-640-00461,['573YUQmuV6nbZK9DvrqT_w-640-00157',  '573YUQmuV6nbZK9DvrqT_w-640-00158',  '573YUQmuV6nbZK9DvrqT_w-640-00159',  '573YUQmuV6nbZK9DvrqT_w-640-00156',  '573YUQmuV6nbZK9DvrqT_w-640-00160'] ,,461,158
 HH_sCmavjtovcNk5NX8vEg-640-00462,['573YUQmuV6nbZK9DvrqT_w-640-00157',  '573YUQmuV6nbZK9DvrqT_w-640-00158',  '573YUQmuV6nbZK9DvrqT_w-640-00159',  '573YUQmuV6nbZK9DvrqT_w-640-00160',  '573YUQmuV6nbZK9DvrqT_w-640-00156'] ,,462,158
 HH_sCmavjtovcNk5NX8vEg-640-00463,['573YUQmuV6nbZK9DvrqT_w-640-00157',  '573YUQmuV6nbZK9DvrqT_w-640-00158',  '573YUQmuV6nbZK9DvrqT_w-640-00159',  '573YUQmuV6nbZK9DvrqT_w-640-00160',  '573YUQmuV6nbZK9DvrqT_w-640-00156'] ,,463,158
 HH_sCmavjtovcNk5NX8vEg-640-00464,['573YUQmuV6nbZK9DvrqT_w-640-00158',  '573YUQmuV6nbZK9DvrqT_w-640-00157',  '573YUQmuV6nbZK9DvrqT_w-640-00159',  '573YUQmuV6nbZK9DvrqT_w-640-00160',  '573YUQmuV6nbZK9DvrqT_w-640-00161'] ,,464,159
 HH_sCmavjtovcNk5NX8vEg-640-00465,['573YUQmuV6nbZK9DvrqT_w-640-00158',  '573YUQmuV6nbZK9DvrqT_w-640-00159',  '573YUQmuV6nbZK9DvrqT_w-640-00157',  '573YUQmuV6nbZK9DvrqT_w-640-00160',  '573YUQmuV6nbZK9DvrqT_w-640-00161'] ,,465,159
 HH_sCmavjtovcNk5NX8vEg-640-00466,['573YUQmuV6nbZK9DvrqT_w-640-00159',  '573YUQmuV6nbZK9DvrqT_w-640-00158',  '573YUQmuV6nbZK9DvrqT_w-640-00160',  '573YUQmuV6nbZK9DvrqT_w-640-00157',  '573YUQmuV6nbZK9DvrqT_w-640-00161'] ,,466,159
 HH_sCmavjtovcNk5NX8vEg-640-00467,['573YUQmuV6nbZK9DvrqT_w-640-00160',  '573YUQmuV6nbZK9DvrqT_w-640-00159',  '573YUQmuV6nbZK9DvrqT_w-640-00161',  '573YUQmuV6nbZK9DvrqT_w-640-00158',  '573YUQmuV6nbZK9DvrqT_w-640-00157'] ,,467,159
 HH_sCmavjtovcNk5NX8vEg-640-00468,['573YUQmuV6nbZK9DvrqT_w-640-00160',  '573YUQmuV6nbZK9DvrqT_w-640-00161',  '573YUQmuV6nbZK9DvrqT_w-640-00159',  '573YUQmuV6nbZK9DvrqT_w-640-00162',  '573YUQmuV6nbZK9DvrqT_w-640-00158'] ,,468,160
 HH_sCmavjtovcNk5NX8vEg-640-00469,['573YUQmuV6nbZK9DvrqT_w-640-00161',  '573YUQmuV6nbZK9DvrqT_w-640-00160',  '573YUQmuV6nbZK9DvrqT_w-640-00162',  '573YUQmuV6nbZK9DvrqT_w-640-00159',  '573YUQmuV6nbZK9DvrqT_w-640-00158'] ,,469,160
 HH_sCmavjtovcNk5NX8vEg-640-00470,['573YUQmuV6nbZK9DvrqT_w-640-00161',  '573YUQmuV6nbZK9DvrqT_w-640-00160',  '573YUQmuV6nbZK9DvrqT_w-640-00162',  '573YUQmuV6nbZK9DvrqT_w-640-00159',  '573YUQmuV6nbZK9DvrqT_w-640-00158'] ,,470,160
 HH_sCmavjtovcNk5NX8vEg-640-00471,['573YUQmuV6nbZK9DvrqT_w-640-00161',  '573YUQmuV6nbZK9DvrqT_w-640-00162',  '573YUQmuV6nbZK9DvrqT_w-640-00160',  '573YUQmuV6nbZK9DvrqT_w-640-00159',  '573YUQmuV6nbZK9DvrqT_w-640-00163'] ,,471,161
 HH_sCmavjtovcNk5NX8vEg-640-00472,['573YUQmuV6nbZK9DvrqT_w-640-00162',  '573YUQmuV6nbZK9DvrqT_w-640-00161',  '573YUQmuV6nbZK9DvrqT_w-640-00160',  '573YUQmuV6nbZK9DvrqT_w-640-00163',  '573YUQmuV6nbZK9DvrqT_w-640-00159'] ,,472,161
 HH_sCmavjtovcNk5NX8vEg-640-00473,['573YUQmuV6nbZK9DvrqT_w-640-00162',  '573YUQmuV6nbZK9DvrqT_w-640-00161',  '573YUQmuV6nbZK9DvrqT_w-640-00163',  '573YUQmuV6nbZK9DvrqT_w-640-00160',  '573YUQmuV6nbZK9DvrqT_w-640-00164'] ,,473,162
 HH_sCmavjtovcNk5NX8vEg-640-00474,['573YUQmuV6nbZK9DvrqT_w-640-00162',  '573YUQmuV6nbZK9DvrqT_w-640-00161',  '573YUQmuV6nbZK9DvrqT_w-640-00163',  '573YUQmuV6nbZK9DvrqT_w-640-00160',  '573YUQmuV6nbZK9DvrqT_w-640-00164'] ,,474,162
 HH_sCmavjtovcNk5NX8vEg-640-00475,['573YUQmuV6nbZK9DvrqT_w-640-00162',  '573YUQmuV6nbZK9DvrqT_w-640-00163',  '573YUQmuV6nbZK9DvrqT_w-640-00161',  '573YUQmuV6nbZK9DvrqT_w-640-00164',  '573YUQmuV6nbZK9DvrqT_w-640-00160'] ,,475,162
 HH_sCmavjtovcNk5NX8vEg-640-00476,['573YUQmuV6nbZK9DvrqT_w-640-00163',  '573YUQmuV6nbZK9DvrqT_w-640-00162',  '573YUQmuV6nbZK9DvrqT_w-640-00164',  '573YUQmuV6nbZK9DvrqT_w-640-00161',  '573YUQmuV6nbZK9DvrqT_w-640-00165'] ,,476,163
 HH_sCmavjtovcNk5NX8vEg-640-00477,['573YUQmuV6nbZK9DvrqT_w-640-00163',  '573YUQmuV6nbZK9DvrqT_w-640-00164',  '573YUQmuV6nbZK9DvrqT_w-640-00162',  '573YUQmuV6nbZK9DvrqT_w-640-00165',  '573YUQmuV6nbZK9DvrqT_w-640-00161'] ,,477,163
 HH_sCmavjtovcNk5NX8vEg-640-00478,['573YUQmuV6nbZK9DvrqT_w-640-00163',  '573YUQmuV6nbZK9DvrqT_w-640-00164',  '573YUQmuV6nbZK9DvrqT_w-640-00162',  '573YUQmuV6nbZK9DvrqT_w-640-00165',  '573YUQmuV6nbZK9DvrqT_w-640-00161'] ,,478,163
 HH_sCmavjtovcNk5NX8vEg-640-00479,['573YUQmuV6nbZK9DvrqT_w-640-00163',  '573YUQmuV6nbZK9DvrqT_w-640-00164',  '573YUQmuV6nbZK9DvrqT_w-640-00165',  '573YUQmuV6nbZK9DvrqT_w-640-00162',  '573YUQmuV6nbZK9DvrqT_w-640-00166'] ,,479,164
 HH_sCmavjtovcNk5NX8vEg-640-00480,['573YUQmuV6nbZK9DvrqT_w-640-00164',  '573YUQmuV6nbZK9DvrqT_w-640-00163',  '573YUQmuV6nbZK9DvrqT_w-640-00165',  '573YUQmuV6nbZK9DvrqT_w-640-00166',  '573YUQmuV6nbZK9DvrqT_w-640-00162'] ,,480,164
 HH_sCmavjtovcNk5NX8vEg-640-00481,['573YUQmuV6nbZK9DvrqT_w-640-00164',  '573YUQmuV6nbZK9DvrqT_w-640-00163',  '573YUQmuV6nbZK9DvrqT_w-640-00165',  '573YUQmuV6nbZK9DvrqT_w-640-00166',  '573YUQmuV6nbZK9DvrqT_w-640-00162'] ,,481,164
 HH_sCmavjtovcNk5NX8vEg-640-00482,['573YUQmuV6nbZK9DvrqT_w-640-00164',  '573YUQmuV6nbZK9DvrqT_w-640-00165',  '573YUQmuV6nbZK9DvrqT_w-640-00163',  '573YUQmuV6nbZK9DvrqT_w-640-00166',  '573YUQmuV6nbZK9DvrqT_w-640-00162'] ,,482,164
 HH_sCmavjtovcNk5NX8vEg-640-00483,['573YUQmuV6nbZK9DvrqT_w-640-00165',  '573YUQmuV6nbZK9DvrqT_w-640-00164',  '573YUQmuV6nbZK9DvrqT_w-640-00166',  '573YUQmuV6nbZK9DvrqT_w-640-00163',  '573YUQmuV6nbZK9DvrqT_w-640-00162'] ,,483,164
 HH_sCmavjtovcNk5NX8vEg-640-00484,['573YUQmuV6nbZK9DvrqT_w-640-00165',  '573YUQmuV6nbZK9DvrqT_w-640-00166',  '573YUQmuV6nbZK9DvrqT_w-640-00164',  '573YUQmuV6nbZK9DvrqT_w-640-00163',  '573YUQmuV6nbZK9DvrqT_w-640-00167'] ,,484,165
 HH_sCmavjtovcNk5NX8vEg-640-00485,['573YUQmuV6nbZK9DvrqT_w-640-00166',  '573YUQmuV6nbZK9DvrqT_w-640-00165',  '573YUQmuV6nbZK9DvrqT_w-640-00164',  '573YUQmuV6nbZK9DvrqT_w-640-00167',  '573YUQmuV6nbZK9DvrqT_w-640-00163'] ,,485,165
 HH_sCmavjtovcNk5NX8vEg-640-00486,['573YUQmuV6nbZK9DvrqT_w-640-00166',  '573YUQmuV6nbZK9DvrqT_w-640-00165',  '573YUQmuV6nbZK9DvrqT_w-640-00167',  '573YUQmuV6nbZK9DvrqT_w-640-00164',  '573YUQmuV6nbZK9DvrqT_w-640-00168'] ,,486,166
 HH_sCmavjtovcNk5NX8vEg-640-00487,['573YUQmuV6nbZK9DvrqT_w-640-00166',  '573YUQmuV6nbZK9DvrqT_w-640-00167',  '573YUQmuV6nbZK9DvrqT_w-640-00165',  '573YUQmuV6nbZK9DvrqT_w-640-00168',  '573YUQmuV6nbZK9DvrqT_w-640-00164'] ,,487,166
 HH_sCmavjtovcNk5NX8vEg-640-00488,['573YUQmuV6nbZK9DvrqT_w-640-00167',  '573YUQmuV6nbZK9DvrqT_w-640-00166',  '573YUQmuV6nbZK9DvrqT_w-640-00168',  '573YUQmuV6nbZK9DvrqT_w-640-00165',  '573YUQmuV6nbZK9DvrqT_w-640-00169'] ,,488,167
 HH_sCmavjtovcNk5NX8vEg-640-00489,['573YUQmuV6nbZK9DvrqT_w-640-00167',  '573YUQmuV6nbZK9DvrqT_w-640-00168',  '573YUQmuV6nbZK9DvrqT_w-640-00166',  '573YUQmuV6nbZK9DvrqT_w-640-00169',  '573YUQmuV6nbZK9DvrqT_w-640-00165'] ,,489,167
 HH_sCmavjtovcNk5NX8vEg-640-00490,['573YUQmuV6nbZK9DvrqT_w-640-00168',  '573YUQmuV6nbZK9DvrqT_w-640-00167',  '573YUQmuV6nbZK9DvrqT_w-640-00169',  '573YUQmuV6nbZK9DvrqT_w-640-00166',  '573YUQmuV6nbZK9DvrqT_w-640-00170'] ,,490,168
 HH_sCmavjtovcNk5NX8vEg-640-00491,['573YUQmuV6nbZK9DvrqT_w-640-00168',  '573YUQmuV6nbZK9DvrqT_w-640-00167',  '573YUQmuV6nbZK9DvrqT_w-640-00169',  '573YUQmuV6nbZK9DvrqT_w-640-00170',  '573YUQmuV6nbZK9DvrqT_w-640-00166'] ,,491,168
 HH_sCmavjtovcNk5NX8vEg-640-00492,['573YUQmuV6nbZK9DvrqT_w-640-00168',  '573YUQmuV6nbZK9DvrqT_w-640-00169',  '573YUQmuV6nbZK9DvrqT_w-640-00167',  '573YUQmuV6nbZK9DvrqT_w-640-00170',  '573YUQmuV6nbZK9DvrqT_w-640-00171'] ,,492,169
 HH_sCmavjtovcNk5NX8vEg-640-00493,['573YUQmuV6nbZK9DvrqT_w-640-00169',  '573YUQmuV6nbZK9DvrqT_w-640-00168',  '573YUQmuV6nbZK9DvrqT_w-640-00170',  '573YUQmuV6nbZK9DvrqT_w-640-00167',  '573YUQmuV6nbZK9DvrqT_w-640-00171'] ,,493,169
 HH_sCmavjtovcNk5NX8vEg-640-00494,['573YUQmuV6nbZK9DvrqT_w-640-00169',  '573YUQmuV6nbZK9DvrqT_w-640-00170',  '573YUQmuV6nbZK9DvrqT_w-640-00168',  '573YUQmuV6nbZK9DvrqT_w-640-00171',  '573YUQmuV6nbZK9DvrqT_w-640-00167'] ,,494,169
 HH_sCmavjtovcNk5NX8vEg-640-00495,['573YUQmuV6nbZK9DvrqT_w-640-00170',  '573YUQmuV6nbZK9DvrqT_w-640-00169',  '573YUQmuV6nbZK9DvrqT_w-640-00171',  '573YUQmuV6nbZK9DvrqT_w-640-00168',  '573YUQmuV6nbZK9DvrqT_w-640-00172'] ,,495,170
 HH_sCmavjtovcNk5NX8vEg-640-00496,['573YUQmuV6nbZK9DvrqT_w-640-00170',  '573YUQmuV6nbZK9DvrqT_w-640-00171',  '573YUQmuV6nbZK9DvrqT_w-640-00169',  '573YUQmuV6nbZK9DvrqT_w-640-00172',  '573YUQmuV6nbZK9DvrqT_w-640-00168'] ,,496,170
 HH_sCmavjtovcNk5NX8vEg-640-00497,['573YUQmuV6nbZK9DvrqT_w-640-00171',  '573YUQmuV6nbZK9DvrqT_w-640-00170',  '573YUQmuV6nbZK9DvrqT_w-640-00172',  '573YUQmuV6nbZK9DvrqT_w-640-00169',  '573YUQmuV6nbZK9DvrqT_w-640-00173'] ,,497,171
 HH_sCmavjtovcNk5NX8vEg-640-00498,['573YUQmuV6nbZK9DvrqT_w-640-00171',  '573YUQmuV6nbZK9DvrqT_w-640-00172',  '573YUQmuV6nbZK9DvrqT_w-640-00170',  '573YUQmuV6nbZK9DvrqT_w-640-00173',  '573YUQmuV6nbZK9DvrqT_w-640-00169'] ,,498,171
 HH_sCmavjtovcNk5NX8vEg-640-00499,['573YUQmuV6nbZK9DvrqT_w-640-00172',  '573YUQmuV6nbZK9DvrqT_w-640-00171',  '573YUQmuV6nbZK9DvrqT_w-640-00173',  '573YUQmuV6nbZK9DvrqT_w-640-00170',  '573YUQmuV6nbZK9DvrqT_w-640-00174'] ,,499,172
 HH_sCmavjtovcNk5NX8vEg-640-00500,['573YUQmuV6nbZK9DvrqT_w-640-00172',  '573YUQmuV6nbZK9DvrqT_w-640-00173',  '573YUQmuV6nbZK9DvrqT_w-640-00171',  '573YUQmuV6nbZK9DvrqT_w-640-00174',  '573YUQmuV6nbZK9DvrqT_w-640-00170'] ,,500,172
 HH_sCmavjtovcNk5NX8vEg-640-00501,['573YUQmuV6nbZK9DvrqT_w-640-00173',  '573YUQmuV6nbZK9DvrqT_w-640-00172',  '573YUQmuV6nbZK9DvrqT_w-640-00174',  '573YUQmuV6nbZK9DvrqT_w-640-00171',  '573YUQmuV6nbZK9DvrqT_w-640-00175'] ,,501,173
 HH_sCmavjtovcNk5NX8vEg-640-00502,['573YUQmuV6nbZK9DvrqT_w-640-00174',  '573YUQmuV6nbZK9DvrqT_w-640-00173',  '573YUQmuV6nbZK9DvrqT_w-640-00175',  '573YUQmuV6nbZK9DvrqT_w-640-00172',  '573YUQmuV6nbZK9DvrqT_w-640-00171'] ,,502,173
 HH_sCmavjtovcNk5NX8vEg-640-00503,['573YUQmuV6nbZK9DvrqT_w-640-00174',  '573YUQmuV6nbZK9DvrqT_w-640-00173',  '573YUQmuV6nbZK9DvrqT_w-640-00175',  '573YUQmuV6nbZK9DvrqT_w-640-00172',  '573YUQmuV6nbZK9DvrqT_w-640-00171'] ,,503,173
 HH_sCmavjtovcNk5NX8vEg-640-00504,['573YUQmuV6nbZK9DvrqT_w-640-00175',  '573YUQmuV6nbZK9DvrqT_w-640-00174',  '573YUQmuV6nbZK9DvrqT_w-640-00173',  '573YUQmuV6nbZK9DvrqT_w-640-00172',  '573YUQmuV6nbZK9DvrqT_w-640-00171'] ,,504,173
 HH_sCmavjtovcNk5NX8vEg-640-00505,['573YUQmuV6nbZK9DvrqT_w-640-00175',  '573YUQmuV6nbZK9DvrqT_w-640-00174',  '573YUQmuV6nbZK9DvrqT_w-640-00173',  '573YUQmuV6nbZK9DvrqT_w-640-00172',  '573YUQmuV6nbZK9DvrqT_w-640-00176'] ,,505,174
 HH_sCmavjtovcNk5NX8vEg-640-00506,['573YUQmuV6nbZK9DvrqT_w-640-00175',  '573YUQmuV6nbZK9DvrqT_w-640-00174',  '573YUQmuV6nbZK9DvrqT_w-640-00173',  '573YUQmuV6nbZK9DvrqT_w-640-00176',  '573YUQmuV6nbZK9DvrqT_w-640-00172'] ,,506,174
 HH_sCmavjtovcNk5NX8vEg-640-00507,['573YUQmuV6nbZK9DvrqT_w-640-00176',  '573YUQmuV6nbZK9DvrqT_w-640-00175',  '573YUQmuV6nbZK9DvrqT_w-640-00177',  '573YUQmuV6nbZK9DvrqT_w-640-00174',  '573YUQmuV6nbZK9DvrqT_w-640-00178'] ,,507,176
 HH_sCmavjtovcNk5NX8vEg-640-00508,['573YUQmuV6nbZK9DvrqT_w-640-00176',  '573YUQmuV6nbZK9DvrqT_w-640-00177',  '573YUQmuV6nbZK9DvrqT_w-640-00175',  '573YUQmuV6nbZK9DvrqT_w-640-00178',  '573YUQmuV6nbZK9DvrqT_w-640-00174'] ,,508,176
 HH_sCmavjtovcNk5NX8vEg-640-00509,['573YUQmuV6nbZK9DvrqT_w-640-00176',  '573YUQmuV6nbZK9DvrqT_w-640-00177',  '573YUQmuV6nbZK9DvrqT_w-640-00178',  '573YUQmuV6nbZK9DvrqT_w-640-00175',  '573YUQmuV6nbZK9DvrqT_w-640-00179'] ,,509,177
 HH_sCmavjtovcNk5NX8vEg-640-00510,['573YUQmuV6nbZK9DvrqT_w-640-00176',  '573YUQmuV6nbZK9DvrqT_w-640-00177',  '573YUQmuV6nbZK9DvrqT_w-640-00178',  '573YUQmuV6nbZK9DvrqT_w-640-00179',  '573YUQmuV6nbZK9DvrqT_w-640-00175'] ,,510,177
 HH_sCmavjtovcNk5NX8vEg-640-00511,['573YUQmuV6nbZK9DvrqT_w-640-00176',  '573YUQmuV6nbZK9DvrqT_w-640-00177',  '573YUQmuV6nbZK9DvrqT_w-640-00178',  '573YUQmuV6nbZK9DvrqT_w-640-00179',  '573YUQmuV6nbZK9DvrqT_w-640-00180'] ,,511,178
 HH_sCmavjtovcNk5NX8vEg-640-00512,['573YUQmuV6nbZK9DvrqT_w-640-00177',  '573YUQmuV6nbZK9DvrqT_w-640-00176',  '573YUQmuV6nbZK9DvrqT_w-640-00178',  '573YUQmuV6nbZK9DvrqT_w-640-00179',  '573YUQmuV6nbZK9DvrqT_w-640-00180'] ,,512,178
 HH_sCmavjtovcNk5NX8vEg-640-00513,['573YUQmuV6nbZK9DvrqT_w-640-00177',  '573YUQmuV6nbZK9DvrqT_w-640-00178',  '573YUQmuV6nbZK9DvrqT_w-640-00176',  '573YUQmuV6nbZK9DvrqT_w-640-00179',  '573YUQmuV6nbZK9DvrqT_w-640-00180'] ,,513,178
 HH_sCmavjtovcNk5NX8vEg-640-00514,['573YUQmuV6nbZK9DvrqT_w-640-00178',  '573YUQmuV6nbZK9DvrqT_w-640-00177',  '573YUQmuV6nbZK9DvrqT_w-640-00179',  '573YUQmuV6nbZK9DvrqT_w-640-00176',  '573YUQmuV6nbZK9DvrqT_w-640-00180'] ,,514,178
 HH_sCmavjtovcNk5NX8vEg-640-00515,['573YUQmuV6nbZK9DvrqT_w-640-00178',  '573YUQmuV6nbZK9DvrqT_w-640-00179',  '573YUQmuV6nbZK9DvrqT_w-640-00177',  '573YUQmuV6nbZK9DvrqT_w-640-00180',  '573YUQmuV6nbZK9DvrqT_w-640-00181'] ,,515,179
 HH_sCmavjtovcNk5NX8vEg-640-00516,['573YUQmuV6nbZK9DvrqT_w-640-00179',  '573YUQmuV6nbZK9DvrqT_w-640-00178',  '573YUQmuV6nbZK9DvrqT_w-640-00180',  '573YUQmuV6nbZK9DvrqT_w-640-00177',  '573YUQmuV6nbZK9DvrqT_w-640-00181'] ,,516,179
 HH_sCmavjtovcNk5NX8vEg-640-00517,['573YUQmuV6nbZK9DvrqT_w-640-00179',  '573YUQmuV6nbZK9DvrqT_w-640-00180',  '573YUQmuV6nbZK9DvrqT_w-640-00178',  '573YUQmuV6nbZK9DvrqT_w-640-00181',  '573YUQmuV6nbZK9DvrqT_w-640-00177'] ,,517,179
 HH_sCmavjtovcNk5NX8vEg-640-00518,['573YUQmuV6nbZK9DvrqT_w-640-00180',  '573YUQmuV6nbZK9DvrqT_w-640-00179',  '573YUQmuV6nbZK9DvrqT_w-640-00181',  '573YUQmuV6nbZK9DvrqT_w-640-00178',  '573YUQmuV6nbZK9DvrqT_w-640-00182'] ,,518,180
 HH_sCmavjtovcNk5NX8vEg-640-00519,['573YUQmuV6nbZK9DvrqT_w-640-00180',  '573YUQmuV6nbZK9DvrqT_w-640-00179',  '573YUQmuV6nbZK9DvrqT_w-640-00181',  '573YUQmuV6nbZK9DvrqT_w-640-00178',  '573YUQmuV6nbZK9DvrqT_w-640-00182'] ,,519,180
 HH_sCmavjtovcNk5NX8vEg-640-00520,['573YUQmuV6nbZK9DvrqT_w-640-00180',  '573YUQmuV6nbZK9DvrqT_w-640-00181',  '573YUQmuV6nbZK9DvrqT_w-640-00179',  '573YUQmuV6nbZK9DvrqT_w-640-00182',  '573YUQmuV6nbZK9DvrqT_w-640-00178'] ,,520,180
 HH_sCmavjtovcNk5NX8vEg-640-00521,['573YUQmuV6nbZK9DvrqT_w-640-00180',  '573YUQmuV6nbZK9DvrqT_w-640-00181',  '573YUQmuV6nbZK9DvrqT_w-640-00182',  '573YUQmuV6nbZK9DvrqT_w-640-00179',  '573YUQmuV6nbZK9DvrqT_w-640-00183'] ,,521,181
 HH_sCmavjtovcNk5NX8vEg-640-00522,['573YUQmuV6nbZK9DvrqT_w-640-00181',  '573YUQmuV6nbZK9DvrqT_w-640-00180',  '573YUQmuV6nbZK9DvrqT_w-640-00182',  '573YUQmuV6nbZK9DvrqT_w-640-00179',  '573YUQmuV6nbZK9DvrqT_w-640-00183'] ,,522,181
 HH_sCmavjtovcNk5NX8vEg-640-00523,['573YUQmuV6nbZK9DvrqT_w-640-00181',  '573YUQmuV6nbZK9DvrqT_w-640-00182',  '573YUQmuV6nbZK9DvrqT_w-640-00180',  '573YUQmuV6nbZK9DvrqT_w-640-00183',  '573YUQmuV6nbZK9DvrqT_w-640-00179'] ,,523,181
 HH_sCmavjtovcNk5NX8vEg-640-00524,['573YUQmuV6nbZK9DvrqT_w-640-00181',  '573YUQmuV6nbZK9DvrqT_w-640-00182',  '573YUQmuV6nbZK9DvrqT_w-640-00180',  '573YUQmuV6nbZK9DvrqT_w-640-00183',  '573YUQmuV6nbZK9DvrqT_w-640-00179'] ,,524,181
 HH_sCmavjtovcNk5NX8vEg-640-00525,['573YUQmuV6nbZK9DvrqT_w-640-00182',  '573YUQmuV6nbZK9DvrqT_w-640-00181',  '573YUQmuV6nbZK9DvrqT_w-640-00183',  '573YUQmuV6nbZK9DvrqT_w-640-00180',  '573YUQmuV6nbZK9DvrqT_w-640-00184'] ,,525,182
 HH_sCmavjtovcNk5NX8vEg-640-00526,['573YUQmuV6nbZK9DvrqT_w-640-00182',  '573YUQmuV6nbZK9DvrqT_w-640-00181',  '573YUQmuV6nbZK9DvrqT_w-640-00183',  '573YUQmuV6nbZK9DvrqT_w-640-00180',  '573YUQmuV6nbZK9DvrqT_w-640-00184'] ,,526,182
 HH_sCmavjtovcNk5NX8vEg-640-00527,['573YUQmuV6nbZK9DvrqT_w-640-00182',  '573YUQmuV6nbZK9DvrqT_w-640-00183',  '573YUQmuV6nbZK9DvrqT_w-640-00181',  '573YUQmuV6nbZK9DvrqT_w-640-00184',  '573YUQmuV6nbZK9DvrqT_w-640-00180'] ,,527,182
 HH_sCmavjtovcNk5NX8vEg-640-00528,['573YUQmuV6nbZK9DvrqT_w-640-00183',  '573YUQmuV6nbZK9DvrqT_w-640-00182',  '573YUQmuV6nbZK9DvrqT_w-640-00184',  '573YUQmuV6nbZK9DvrqT_w-640-00181',  '573YUQmuV6nbZK9DvrqT_w-640-00185'] ,,528,183
 HH_sCmavjtovcNk5NX8vEg-640-00529,['573YUQmuV6nbZK9DvrqT_w-640-00183',  '573YUQmuV6nbZK9DvrqT_w-640-00182',  '573YUQmuV6nbZK9DvrqT_w-640-00184',  '573YUQmuV6nbZK9DvrqT_w-640-00181',  '573YUQmuV6nbZK9DvrqT_w-640-00185'] ,,529,183
 HH_sCmavjtovcNk5NX8vEg-640-00530,['573YUQmuV6nbZK9DvrqT_w-640-00183',  '573YUQmuV6nbZK9DvrqT_w-640-00182',  '573YUQmuV6nbZK9DvrqT_w-640-00184',  '573YUQmuV6nbZK9DvrqT_w-640-00181',  '573YUQmuV6nbZK9DvrqT_w-640-00185'] ,,530,183
 HH_sCmavjtovcNk5NX8vEg-640-00531,['573YUQmuV6nbZK9DvrqT_w-640-00183',  '573YUQmuV6nbZK9DvrqT_w-640-00184',  '573YUQmuV6nbZK9DvrqT_w-640-00182',  '573YUQmuV6nbZK9DvrqT_w-640-00185',  '573YUQmuV6nbZK9DvrqT_w-640-00181'] ,,531,183
 HH_sCmavjtovcNk5NX8vEg-640-00532,['573YUQmuV6nbZK9DvrqT_w-640-00183',  '573YUQmuV6nbZK9DvrqT_w-640-00184',  '573YUQmuV6nbZK9DvrqT_w-640-00185',  '573YUQmuV6nbZK9DvrqT_w-640-00182',  '573YUQmuV6nbZK9DvrqT_w-640-00186'] ,,532,184
 HH_sCmavjtovcNk5NX8vEg-640-00533,['573YUQmuV6nbZK9DvrqT_w-640-00184',  '573YUQmuV6nbZK9DvrqT_w-640-00183',  '573YUQmuV6nbZK9DvrqT_w-640-00185',  '573YUQmuV6nbZK9DvrqT_w-640-00182',  '573YUQmuV6nbZK9DvrqT_w-640-00186'] ,,533,184
 HH_sCmavjtovcNk5NX8vEg-640-00534,['573YUQmuV6nbZK9DvrqT_w-640-00184',  '573YUQmuV6nbZK9DvrqT_w-640-00185',  '573YUQmuV6nbZK9DvrqT_w-640-00183',  '573YUQmuV6nbZK9DvrqT_w-640-00186',  '573YUQmuV6nbZK9DvrqT_w-640-00182'] ,,534,184
 HH_sCmavjtovcNk5NX8vEg-640-00535,['573YUQmuV6nbZK9DvrqT_w-640-00184',  '573YUQmuV6nbZK9DvrqT_w-640-00185',  '573YUQmuV6nbZK9DvrqT_w-640-00183',  '573YUQmuV6nbZK9DvrqT_w-640-00186',  '573YUQmuV6nbZK9DvrqT_w-640-00182'] ,,535,184
 HH_sCmavjtovcNk5NX8vEg-640-00536,['573YUQmuV6nbZK9DvrqT_w-640-00185',  '573YUQmuV6nbZK9DvrqT_w-640-00184',  '573YUQmuV6nbZK9DvrqT_w-640-00186',  '573YUQmuV6nbZK9DvrqT_w-640-00183',  '573YUQmuV6nbZK9DvrqT_w-640-00182'] ,,536,184
 HH_sCmavjtovcNk5NX8vEg-640-00537,['573YUQmuV6nbZK9DvrqT_w-640-00185',  '573YUQmuV6nbZK9DvrqT_w-640-00186',  '573YUQmuV6nbZK9DvrqT_w-640-00184',  '573YUQmuV6nbZK9DvrqT_w-640-00183',  '573YUQmuV6nbZK9DvrqT_w-640-00182'] ,,537,184
 HH_sCmavjtovcNk5NX8vEg-640-00538,['573YUQmuV6nbZK9DvrqT_w-640-00185',  '573YUQmuV6nbZK9DvrqT_w-640-00186',  '573YUQmuV6nbZK9DvrqT_w-640-00184',  '573YUQmuV6nbZK9DvrqT_w-640-00183',  '573YUQmuV6nbZK9DvrqT_w-640-00187'] ,,538,185
 HH_sCmavjtovcNk5NX8vEg-640-00539,['573YUQmuV6nbZK9DvrqT_w-640-00186',  '573YUQmuV6nbZK9DvrqT_w-640-00185',  '573YUQmuV6nbZK9DvrqT_w-640-00184',  '573YUQmuV6nbZK9DvrqT_w-640-00187',  '573YUQmuV6nbZK9DvrqT_w-640-00183'] ,,539,185
 HH_sCmavjtovcNk5NX8vEg-640-00540,['573YUQmuV6nbZK9DvrqT_w-640-00186',  '573YUQmuV6nbZK9DvrqT_w-640-00185',  '573YUQmuV6nbZK9DvrqT_w-640-00184',  '573YUQmuV6nbZK9DvrqT_w-640-00187',  '573YUQmuV6nbZK9DvrqT_w-640-00188'] ,,540,186
 HH_sCmavjtovcNk5NX8vEg-640-00541,['573YUQmuV6nbZK9DvrqT_w-640-00186',  '573YUQmuV6nbZK9DvrqT_w-640-00185',  '573YUQmuV6nbZK9DvrqT_w-640-00187',  '573YUQmuV6nbZK9DvrqT_w-640-00184',  '573YUQmuV6nbZK9DvrqT_w-640-00188'] ,,541,186
 HH_sCmavjtovcNk5NX8vEg-640-00542,['573YUQmuV6nbZK9DvrqT_w-640-00186',  '573YUQmuV6nbZK9DvrqT_w-640-00185',  '573YUQmuV6nbZK9DvrqT_w-640-00187',  '573YUQmuV6nbZK9DvrqT_w-640-00188',  '573YUQmuV6nbZK9DvrqT_w-640-00184'] ,,542,186
 HH_sCmavjtovcNk5NX8vEg-640-00543,['573YUQmuV6nbZK9DvrqT_w-640-00186',  '573YUQmuV6nbZK9DvrqT_w-640-00187',  '573YUQmuV6nbZK9DvrqT_w-640-00185',  '573YUQmuV6nbZK9DvrqT_w-640-00188',  '573YUQmuV6nbZK9DvrqT_w-640-00189'] ,,543,187
 HH_sCmavjtovcNk5NX8vEg-640-00544,['573YUQmuV6nbZK9DvrqT_w-640-00187',  '573YUQmuV6nbZK9DvrqT_w-640-00186',  '573YUQmuV6nbZK9DvrqT_w-640-00188',  '573YUQmuV6nbZK9DvrqT_w-640-00189',  '573YUQmuV6nbZK9DvrqT_w-640-00185'] ,,544,187
 HH_sCmavjtovcNk5NX8vEg-640-00545,['573YUQmuV6nbZK9DvrqT_w-640-00187',  '573YUQmuV6nbZK9DvrqT_w-640-00188',  '573YUQmuV6nbZK9DvrqT_w-640-00189',  '573YUQmuV6nbZK9DvrqT_w-640-00186',  '573YUQmuV6nbZK9DvrqT_w-640-00190'] ,,545,188
 HH_sCmavjtovcNk5NX8vEg-640-00546,['573YUQmuV6nbZK9DvrqT_w-640-00187',  '573YUQmuV6nbZK9DvrqT_w-640-00188',  '573YUQmuV6nbZK9DvrqT_w-640-00189',  '573YUQmuV6nbZK9DvrqT_w-640-00186',  '573YUQmuV6nbZK9DvrqT_w-640-00190'] ,,546,188
 HH_sCmavjtovcNk5NX8vEg-640-00547,['573YUQmuV6nbZK9DvrqT_w-640-00187',  '573YUQmuV6nbZK9DvrqT_w-640-00188',  '573YUQmuV6nbZK9DvrqT_w-640-00189',  '573YUQmuV6nbZK9DvrqT_w-640-00190',  '573YUQmuV6nbZK9DvrqT_w-640-00191'] ,,547,189
 HH_sCmavjtovcNk5NX8vEg-640-00548,['573YUQmuV6nbZK9DvrqT_w-640-00187',  '573YUQmuV6nbZK9DvrqT_w-640-00188',  '573YUQmuV6nbZK9DvrqT_w-640-00189',  '573YUQmuV6nbZK9DvrqT_w-640-00190',  '573YUQmuV6nbZK9DvrqT_w-640-00191'] ,,548,189
 HH_sCmavjtovcNk5NX8vEg-640-00549,['573YUQmuV6nbZK9DvrqT_w-640-00188',  '573YUQmuV6nbZK9DvrqT_w-640-00189',  '573YUQmuV6nbZK9DvrqT_w-640-00187',  '573YUQmuV6nbZK9DvrqT_w-640-00190',  '573YUQmuV6nbZK9DvrqT_w-640-00191'] ,,549,189
 HH_sCmavjtovcNk5NX8vEg-640-00550,['573YUQmuV6nbZK9DvrqT_w-640-00189',  '573YUQmuV6nbZK9DvrqT_w-640-00188',  '573YUQmuV6nbZK9DvrqT_w-640-00190',  '573YUQmuV6nbZK9DvrqT_w-640-00187',  '573YUQmuV6nbZK9DvrqT_w-640-00191'] ,,550,189
 HH_sCmavjtovcNk5NX8vEg-640-00551,['573YUQmuV6nbZK9DvrqT_w-640-00190',  '573YUQmuV6nbZK9DvrqT_w-640-00189',  '573YUQmuV6nbZK9DvrqT_w-640-00188',  '573YUQmuV6nbZK9DvrqT_w-640-00191',  '573YUQmuV6nbZK9DvrqT_w-640-00192'] ,,551,190
 HH_sCmavjtovcNk5NX8vEg-640-00552,['573YUQmuV6nbZK9DvrqT_w-640-00190',  '573YUQmuV6nbZK9DvrqT_w-640-00191',  '573YUQmuV6nbZK9DvrqT_w-640-00192',  '573YUQmuV6nbZK9DvrqT_w-640-00189',  '573YUQmuV6nbZK9DvrqT_w-640-00193'] ,,552,191
 HH_sCmavjtovcNk5NX8vEg-640-00553,['573YUQmuV6nbZK9DvrqT_w-640-00191',  '573YUQmuV6nbZK9DvrqT_w-640-00190',  '573YUQmuV6nbZK9DvrqT_w-640-00192',  '573YUQmuV6nbZK9DvrqT_w-640-00193',  '573YUQmuV6nbZK9DvrqT_w-640-00194'] ,,553,192
 HH_sCmavjtovcNk5NX8vEg-640-00554,['573YUQmuV6nbZK9DvrqT_w-640-00191',  '573YUQmuV6nbZK9DvrqT_w-640-00192',  '573YUQmuV6nbZK9DvrqT_w-640-00193',  '573YUQmuV6nbZK9DvrqT_w-640-00190',  '573YUQmuV6nbZK9DvrqT_w-640-00194'] ,,554,192
 HH_sCmavjtovcNk5NX8vEg-640-00555,['573YUQmuV6nbZK9DvrqT_w-640-00193',  '573YUQmuV6nbZK9DvrqT_w-640-00192',  '573YUQmuV6nbZK9DvrqT_w-640-00194',  '573YUQmuV6nbZK9DvrqT_w-640-00191',  '573YUQmuV6nbZK9DvrqT_w-640-00195'] ,,555,193
 HH_sCmavjtovcNk5NX8vEg-640-00556,['573YUQmuV6nbZK9DvrqT_w-640-00194',  '573YUQmuV6nbZK9DvrqT_w-640-00193',  '573YUQmuV6nbZK9DvrqT_w-640-00195',  '573YUQmuV6nbZK9DvrqT_w-640-00192',  '573YUQmuV6nbZK9DvrqT_w-640-00191'] ,,556,193
